{ "columns":12,
 "image":"images\/characters.png",
 "imageheight":192,
 "imagewidth":192,
 "margin":0,
 "name":"characters",
 "spacing":0,
 "tilecount":132,
 "tiledversion":"1.7.2",
 "tileheight":16,
 "tiles":[
        {
         "animation":[
                {
                 "duration":100,
                 "tileid":6
                },
                {
                 "duration":100,
                 "tileid":7
                },
                {
                 "duration":100,
                 "tileid":8
                }],
         "id":6
        },
        {
         "animation":[
                {
                 "duration":100,
                 "tileid":18
                },
                {
                 "duration":100,
                 "tileid":19
                },
                {
                 "duration":100,
                 "tileid":20
                }],
         "id":18
        },
        {
         "animation":[
                {
                 "duration":100,
                 "tileid":30
                },
                {
                 "duration":100,
                 "tileid":31
                },
                {
                 "duration":100,
                 "tileid":32
                }],
         "id":30
        },
        {
         "animation":[
                {
                 "duration":100,
                 "tileid":42
                },
                {
                 "duration":100,
                 "tileid":43
                },
                {
                 "duration":100,
                 "tileid":44
                }],
         "id":42
        },
        {
         "animation":[
                {
                 "duration":100,
                 "tileid":51
                },
                {
                 "duration":100,
                 "tileid":52
                },
                {
                 "duration":100,
                 "tileid":53
                }],
         "id":51
        },
        {
         "animation":[
                {
                 "duration":100,
                 "tileid":57
                },
                {
                 "duration":100,
                 "tileid":58
                },
                {
                 "duration":100,
                 "tileid":59
                }],
         "id":57
        },
        {
         "animation":[
                {
                 "duration":100,
                 "tileid":63
                },
                {
                 "duration":100,
                 "tileid":64
                },
                {
                 "duration":100,
                 "tileid":65
                }],
         "id":63
        },
        {
         "animation":[
                {
                 "duration":100,
                 "tileid":69
                },
                {
                 "duration":100,
                 "tileid":70
                },
                {
                 "duration":100,
                 "tileid":71
                }],
         "id":69
        },
        {
         "animation":[
                {
                 "duration":100,
                 "tileid":75
                },
                {
                 "duration":100,
                 "tileid":76
                },
                {
                 "duration":100,
                 "tileid":77
                }],
         "id":75
        },
        {
         "animation":[
                {
                 "duration":100,
                 "tileid":81
                },
                {
                 "duration":100,
                 "tileid":82
                },
                {
                 "duration":100,
                 "tileid":83
                }],
         "id":81
        },
        {
         "animation":[
                {
                 "duration":100,
                 "tileid":87
                },
                {
                 "duration":100,
                 "tileid":88
                },
                {
                 "duration":100,
                 "tileid":89
                }],
         "id":87
        },
        {
         "animation":[
                {
                 "duration":100,
                 "tileid":93
                },
                {
                 "duration":100,
                 "tileid":94
                },
                {
                 "duration":100,
                 "tileid":95
                }],
         "id":93
        }],
 "tilewidth":16,
 "type":"tileset",
 "version":"1.6"
}
