{ "compressionlevel":-1,
 "height":20,
 "infinite":false,
 "layers":[
        {
         "data":[12, 13, 13, 66, 13, 12, 12, 66, 66, 66, 66, 66, 13, 13, 13, 13, 13, 65, 65, 65, 12, 12, 12, 66, 12, 12, 12, 66, 66, 13, 13, 65, 13, 13, 13, 13, 13, 13, 13, 13, 66, 66, 66, 12, 12, 12, 66, 66, 13, 66, 66, 13, 13, 13, 13, 13, 13, 13, 65, 65, 12, 12, 12, 12, 13, 66, 66, 66, 66, 66, 13, 66, 66, 66, 13, 13, 13, 13, 65, 13, 13, 13, 13, 12, 66, 66, 66, 66, 13, 65, 13, 13, 13, 13, 13, 13, 13, 13, 13, 13, 13, 12, 12, 13, 66, 66, 13, 13, 65, 65, 65, 65, 65, 13, 13, 13, 65, 13, 13, 13, 65, 13, 13, 66, 66, 66, 13, 65, 65, 13, 13, 13, 13, 65, 65, 13, 13, 13, 13, 13, 12, 13, 66, 66, 66, 12, 13, 66, 66, 66, 13, 13, 66, 66, 65, 65, 66, 13, 13, 13, 13, 66, 66, 66, 66, 66, 66, 66, 66, 66, 66, 66, 66, 66, 66, 65, 13, 65, 66, 13, 13, 13, 13, 13, 12, 12, 12, 12, 12, 12, 13, 13, 13, 12, 13, 13, 65, 65, 66, 66, 11, 11, 11, 11, 13, 13, 13, 13, 13, 12, 13, 13, 13, 13, 13, 13, 65, 65, 65, 13, 12, 12, 12, 65, 66, 66, 12, 12, 13, 11, 13, 13, 13, 13, 13, 12, 66, 65, 66, 12, 13, 66, 65, 65, 66, 66, 12, 13, 12, 12, 12, 13, 13, 13, 12, 13, 66, 65, 65, 12, 66, 65, 65, 65, 65, 66, 66, 66, 13, 13, 13, 12, 12, 12, 12, 12, 13, 65, 65, 65, 65, 65, 13, 13, 13, 13, 13, 66, 66, 66, 13, 13, 13, 12, 12, 13, 13, 65, 65, 13, 65, 65, 13, 13, 13, 65, 13, 13, 65, 66, 66, 66, 13, 12, 11, 13, 13, 65, 65, 12, 66, 66, 65, 65, 65, 13, 13, 65, 13, 13, 13, 12, 66, 66, 11, 12, 13, 13, 13, 13, 12, 65, 65, 13, 13, 13, 13, 13, 13, 12, 12, 13, 66, 66, 11, 13, 13, 13, 13, 13, 12, 65, 65, 65, 13, 13, 13, 12, 66, 66, 66, 66, 66, 13, 13, 13, 13, 66, 13, 13, 13, 13, 13, 65, 13, 65, 65, 65, 65, 65, 65, 66, 12, 13, 12, 12, 13, 13, 66, 66],
         "height":20,
         "id":2,
         "name":"background",
         "opacity":1,
         "type":"tilelayer",
         "visible":true,
         "width":20,
         "x":0,
         "y":0
        }, 
        {
         "draworder":"topdown",
         "id":4,
         "name":"active_objects",
         "objects":[
                {
                 "gid":127,
                 "height":16,
                 "id":6,
                 "name":"player",
                 "rotation":0,
                 "type":"player",
                 "visible":true,
                 "width":16,
                 "x":63.7264860263867,
                 "y":157.808483472833
                }, 
                {
                 "gid":178,
                 "height":16,
                 "id":7,
                 "name":"enemy",
                 "rotation":0,
                 "type":"enemy",
                 "visible":true,
                 "width":16,
                 "x":226.706341325011,
                 "y":157.422045680238
                }, 
                {
                 "gid":178,
                 "height":16,
                 "id":9,
                 "name":"enemy",
                 "rotation":0,
                 "type":"enemy",
                 "visible":true,
                 "width":16,
                 "x":160.077315931338,
                 "y":38.319903532416
                }, 
                {
                 "gid":234,
                 "height":16,
                 "id":10,
                 "name":"coin",
                 "rotation":0,
                 "type":"coin",
                 "visible":true,
                 "width":16,
                 "x":70.077315931338,
                 "y":226.514115477373
                }, 
                {
                 "gid":234,
                 "height":16,
                 "id":11,
                 "name":"coin",
                 "rotation":0,
                 "type":"coin",
                 "visible":true,
                 "width":16,
                 "x":79.1612994751029,
                 "y":54.3044403461484
                }, 
                {
                 "gid":234,
                 "height":16,
                 "id":12,
                 "name":"coin",
                 "rotation":0,
                 "type":"coin",
                 "visible":true,
                 "width":16,
                 "x":138.17676266137,
                 "y":105.148531706625
                }, 
                {
                 "gid":234,
                 "height":16,
                 "id":13,
                 "name":"coin",
                 "rotation":0,
                 "type":"coin",
                 "visible":true,
                 "width":16,
                 "x":256.207689033906,
                 "y":204.112923818981
                }, 
                {
                 "gid":234,
                 "height":16,
                 "id":14,
                 "name":"coin",
                 "rotation":0,
                 "type":"coin",
                 "visible":true,
                 "width":16,
                 "x":83.7009504894311,
                 "y":294.905944105547
                }, 
                {
                 "gid":234,
                 "height":16,
                 "id":15,
                 "name":"coin",
                 "rotation":0,
                 "type":"coin",
                 "visible":true,
                 "width":16,
                 "x":217.166690310682,
                 "y":103.332671300894
                }, 
                {
                 "gid":223,
                 "height":16,
                 "id":17,
                 "name":"exit",
                 "rotation":0,
                 "type":"exit",
                 "visible":true,
                 "width":16,
                 "x":223.522201730742,
                 "y":288.734572279756
                }, 
                {
                 "gid":235,
                 "height":16,
                 "id":221,
                 "name":"wall",
                 "rotation":0,
                 "type":"wall",
                 "visible":true,
                 "width":16,
                 "x":0,
                 "y":48
                }, 
                {
                 "gid":235,
                 "height":16,
                 "id":222,
                 "name":"wall",
                 "rotation":0,
                 "type":"wall",
                 "visible":true,
                 "width":16,
                 "x":0,
                 "y":80
                }, 
                {
                 "gid":235,
                 "height":16,
                 "id":223,
                 "name":"wall",
                 "rotation":0,
                 "type":"wall",
                 "visible":true,
                 "width":16,
                 "x":0,
                 "y":112
                }, 
                {
                 "gid":235,
                 "height":16,
                 "id":225,
                 "name":"wall",
                 "rotation":0,
                 "type":"wall",
                 "visible":true,
                 "width":16,
                 "x":0,
                 "y":192
                }, 
                {
                 "gid":235,
                 "height":16,
                 "id":226,
                 "name":"wall",
                 "rotation":0,
                 "type":"wall",
                 "visible":true,
                 "width":16,
                 "x":0,
                 "y":224
                }, 
                {
                 "gid":235,
                 "height":16,
                 "id":227,
                 "name":"wall",
                 "rotation":0,
                 "type":"wall",
                 "visible":true,
                 "width":16,
                 "x":0,
                 "y":272
                }, 
                {
                 "gid":235,
                 "height":16,
                 "id":230,
                 "name":"wall",
                 "rotation":0,
                 "type":"wall",
                 "visible":true,
                 "width":16,
                 "x":21,
                 "y":140
                }, 
                {
                 "gid":235,
                 "height":16,
                 "id":231,
                 "name":"wall",
                 "rotation":0,
                 "type":"wall",
                 "visible":true,
                 "width":16,
                 "x":53,
                 "y":140
                }, 
                {
                 "gid":235,
                 "height":16,
                 "id":232,
                 "name":"wall",
                 "rotation":0,
                 "type":"wall",
                 "visible":true,
                 "width":16,
                 "x":101,
                 "y":140
                }, 
                {
                 "gid":235,
                 "height":16,
                 "id":238,
                 "name":"wall",
                 "rotation":0,
                 "type":"wall",
                 "visible":true,
                 "width":16,
                 "x":304,
                 "y":48
                }, 
                {
                 "gid":235,
                 "height":16,
                 "id":239,
                 "name":"wall",
                 "rotation":0,
                 "type":"wall",
                 "visible":true,
                 "width":16,
                 "x":304,
                 "y":96
                }, 
                {
                 "gid":235,
                 "height":16,
                 "id":240,
                 "name":"wall",
                 "rotation":0,
                 "type":"wall",
                 "visible":true,
                 "width":16,
                 "x":304,
                 "y":128
                }, 
                {
                 "gid":235,
                 "height":16,
                 "id":241,
                 "name":"wall",
                 "rotation":0,
                 "type":"wall",
                 "visible":true,
                 "width":16,
                 "x":304,
                 "y":176
                }, 
                {
                 "gid":235,
                 "height":16,
                 "id":307,
                 "name":"wall",
                 "rotation":0,
                 "type":"wall",
                 "visible":true,
                 "width":16,
                 "x":148,
                 "y":209
                }, 
                {
                 "gid":235,
                 "height":16,
                 "id":242,
                 "name":"wall",
                 "rotation":0,
                 "type":"wall",
                 "visible":true,
                 "width":16,
                 "x":304,
                 "y":208
                }, 
                {
                 "gid":235,
                 "height":16,
                 "id":306,
                 "name":"wall",
                 "rotation":0,
                 "type":"wall",
                 "visible":true,
                 "width":16,
                 "x":148,
                 "y":241
                }, 
                {
                 "gid":235,
                 "height":16,
                 "id":243,
                 "name":"wall",
                 "rotation":0,
                 "type":"wall",
                 "visible":true,
                 "width":16,
                 "x":304,
                 "y":240
                }, 
                {
                 "gid":235,
                 "height":16,
                 "id":305,
                 "name":"wall",
                 "rotation":0,
                 "type":"wall",
                 "visible":true,
                 "width":16,
                 "x":148,
                 "y":273
                }, 
                {
                 "gid":235,
                 "height":16,
                 "id":244,
                 "name":"wall",
                 "rotation":0,
                 "type":"wall",
                 "visible":true,
                 "width":16,
                 "x":304,
                 "y":272
                }, 
                {
                 "gid":235,
                 "height":16,
                 "id":304,
                 "name":"wall",
                 "rotation":0,
                 "type":"wall",
                 "visible":true,
                 "width":16,
                 "x":148,
                 "y":305
                }, 
                {
                 "gid":235,
                 "height":16,
                 "id":245,
                 "name":"wall",
                 "rotation":0,
                 "type":"wall",
                 "visible":true,
                 "width":16,
                 "x":304,
                 "y":288
                }, 
                {
                 "gid":235,
                 "height":16,
                 "id":303,
                 "name":"wall",
                 "rotation":0,
                 "type":"wall",
                 "visible":true,
                 "width":16,
                 "x":148,
                 "y":321
                }, 
                {
                 "gid":235,
                 "height":16,
                 "id":255,
                 "name":"wall",
                 "rotation":0,
                 "type":"wall",
                 "visible":true,
                 "width":16,
                 "x":0,
                 "y":288
                }, 
                {
                 "gid":235,
                 "height":16,
                 "id":256,
                 "name":"wall",
                 "rotation":0,
                 "type":"wall",
                 "visible":true,
                 "width":16,
                 "x":0,
                 "y":240
                }, 
                {
                 "gid":235,
                 "height":16,
                 "id":257,
                 "name":"wall",
                 "rotation":0,
                 "type":"wall",
                 "visible":true,
                 "width":16,
                 "x":0,
                 "y":256
                }, 
                {
                 "gid":235,
                 "height":16,
                 "id":258,
                 "name":"wall",
                 "rotation":0,
                 "type":"wall",
                 "visible":true,
                 "width":16,
                 "x":0,
                 "y":208
                }, 
                {
                 "gid":235,
                 "height":16,
                 "id":259,
                 "name":"wall",
                 "rotation":0,
                 "type":"wall",
                 "visible":true,
                 "width":16,
                 "x":0,
                 "y":176
                }, 
                {
                 "gid":235,
                 "height":16,
                 "id":260,
                 "name":"wall",
                 "rotation":0,
                 "type":"wall",
                 "visible":true,
                 "width":16,
                 "x":0,
                 "y":144
                }, 
                {
                 "gid":235,
                 "height":16,
                 "id":261,
                 "name":"wall",
                 "rotation":0,
                 "type":"wall",
                 "visible":true,
                 "width":16,
                 "x":0,
                 "y":128
                }, 
                {
                 "gid":235,
                 "height":16,
                 "id":262,
                 "name":"wall",
                 "rotation":0,
                 "type":"wall",
                 "visible":true,
                 "width":16,
                 "x":0,
                 "y":160
                }, 
                {
                 "gid":235,
                 "height":16,
                 "id":263,
                 "name":"wall",
                 "rotation":0,
                 "type":"wall",
                 "visible":true,
                 "width":16,
                 "x":0,
                 "y":96
                }, 
                {
                 "gid":235,
                 "height":16,
                 "id":264,
                 "name":"wall",
                 "rotation":0,
                 "type":"wall",
                 "visible":true,
                 "width":16,
                 "x":0,
                 "y":64
                }, 
                {
                 "gid":235,
                 "height":16,
                 "id":266,
                 "name":"wall",
                 "rotation":0,
                 "type":"wall",
                 "visible":true,
                 "width":16,
                 "x":37,
                 "y":140
                }, 
                {
                 "gid":235,
                 "height":16,
                 "id":267,
                 "name":"wall",
                 "rotation":0,
                 "type":"wall",
                 "visible":true,
                 "width":16,
                 "x":69,
                 "y":140
                }, 
                {
                 "gid":235,
                 "height":16,
                 "id":268,
                 "name":"wall",
                 "rotation":0,
                 "type":"wall",
                 "visible":true,
                 "width":16,
                 "x":85,
                 "y":140
                }, 
                {
                 "gid":235,
                 "height":16,
                 "id":279,
                 "name":"wall",
                 "rotation":0,
                 "type":"wall",
                 "visible":true,
                 "width":16,
                 "x":304,
                 "y":64
                }, 
                {
                 "gid":235,
                 "height":16,
                 "id":280,
                 "name":"wall",
                 "rotation":0,
                 "type":"wall",
                 "visible":true,
                 "width":16,
                 "x":304,
                 "y":96
                }, 
                {
                 "gid":235,
                 "height":16,
                 "id":281,
                 "name":"wall",
                 "rotation":0,
                 "type":"wall",
                 "visible":true,
                 "width":16,
                 "x":304,
                 "y":80
                }, 
                {
                 "gid":235,
                 "height":16,
                 "id":282,
                 "name":"wall",
                 "rotation":0,
                 "type":"wall",
                 "visible":true,
                 "width":16,
                 "x":304,
                 "y":112
                }, 
                {
                 "gid":235,
                 "height":16,
                 "id":283,
                 "name":"wall",
                 "rotation":0,
                 "type":"wall",
                 "visible":true,
                 "width":16,
                 "x":304,
                 "y":144
                }, 
                {
                 "gid":235,
                 "height":16,
                 "id":284,
                 "name":"wall",
                 "rotation":0,
                 "type":"wall",
                 "visible":true,
                 "width":16,
                 "x":304,
                 "y":160
                }, 
                {
                 "gid":235,
                 "height":16,
                 "id":285,
                 "name":"wall",
                 "rotation":0,
                 "type":"wall",
                 "visible":true,
                 "width":16,
                 "x":304,
                 "y":192
                }, 
                {
                 "gid":235,
                 "height":16,
                 "id":302,
                 "name":"wall",
                 "rotation":0,
                 "type":"wall",
                 "visible":true,
                 "width":16,
                 "x":148,
                 "y":225
                }, 
                {
                 "gid":235,
                 "height":16,
                 "id":286,
                 "name":"wall",
                 "rotation":0,
                 "type":"wall",
                 "visible":true,
                 "width":16,
                 "x":304,
                 "y":224
                }, 
                {
                 "gid":235,
                 "height":16,
                 "id":301,
                 "name":"wall",
                 "rotation":0,
                 "type":"wall",
                 "visible":true,
                 "width":16,
                 "x":148,
                 "y":257
                }, 
                {
                 "gid":235,
                 "height":16,
                 "id":287,
                 "name":"wall",
                 "rotation":0,
                 "type":"wall",
                 "visible":true,
                 "width":16,
                 "x":304,
                 "y":256
                }, 
                {
                 "gid":235,
                 "height":16,
                 "id":300,
                 "name":"wall",
                 "rotation":0,
                 "type":"wall",
                 "visible":true,
                 "width":16,
                 "x":148,
                 "y":289
                }],
         "offsetx":0.333333333333321,
         "offsety":0.999999999999974,
         "opacity":1,
         "type":"objectgroup",
         "visible":true,
         "x":0,
         "y":0
        }],
 "nextlayerid":6,
 "nextobjectid":308,
 "orientation":"orthogonal",
 "renderorder":"right-down",
 "tiledversion":"1.7.2",
 "tileheight":16,
 "tilesets":[
        {
         "columns":8,
         "firstgid":1,
         "image":"images\/basictiles.png",
         "imageheight":240,
         "imagewidth":128,
         "margin":0,
         "name":"game_tiles",
         "spacing":0,
         "tilecount":120,
         "tileheight":16,
         "tilewidth":16
        }, 
        {
         "columns":12,
         "firstgid":121,
         "image":"images\/characters.png",
         "imageheight":192,
         "imagewidth":192,
         "margin":0,
         "name":"characters",
         "spacing":0,
         "tilecount":144,
         "tileheight":16,
         "tilewidth":16
        }],
 "tilewidth":16,
 "type":"map",
 "version":"1.6",
 "width":20
}