{ "compressionlevel":-1,
 "height":20,
 "infinite":false,
 "layers":[
        {
         "data":[16, 16, 16, 16, 73, 73, 16, 17, 17, 16, 73, 73, 17, 73, 73, 17, 17, 73, 73, 17, 17, 17, 17, 16, 16, 73, 73, 73, 73, 73, 73, 6, 17, 16, 73, 6, 6, 73, 73, 16, 6, 6, 17, 73, 73, 73, 73, 73, 73, 16, 6, 6, 73, 73, 16, 73, 6, 6, 73, 16, 6, 6, 6, 73, 16, 16, 73, 73, 16, 6, 73, 73, 73, 6, 6, 6, 73, 6, 6, 16, 73, 73, 6, 6, 6, 6, 6, 6, 6, 6, 6, 73, 6, 6, 17, 6, 6, 6, 6, 16, 17, 73, 73, 73, 73, 6, 6, 6, 73, 73, 16, 6, 6, 73, 17, 73, 73, 6, 6, 6, 73, 73, 17, 6, 6, 6, 17, 17, 73, 73, 6, 6, 6, 6, 6, 73, 73, 73, 6, 6, 17, 17, 6, 6, 16, 17, 16, 16, 73, 6, 6, 6, 73, 73, 73, 6, 6, 73, 6, 6, 16, 73, 16, 16, 16, 17, 16, 16, 73, 6, 6, 73, 73, 6, 73, 73, 6, 6, 16, 6, 73, 73, 16, 16, 16, 17, 16, 6, 6, 6, 73, 73, 73, 6, 73, 73, 73, 6, 6, 6, 73, 16, 16, 16, 16, 17, 6, 6, 6, 16, 16, 73, 73, 6, 73, 17, 73, 73, 6, 6, 73, 16, 16, 16, 6, 6, 6, 6, 6, 73, 73, 73, 73, 6, 73, 16, 73, 73, 73, 6, 73, 73, 73, 6, 6, 73, 73, 6, 73, 73, 17, 73, 73, 6, 17, 73, 73, 73, 6, 6, 73, 73, 73, 73, 73, 73, 6, 73, 73, 73, 73, 73, 73, 6, 73, 73, 73, 73, 6, 6, 16, 73, 16, 17, 17, 17, 6, 17, 17, 16, 73, 73, 73, 6, 73, 6, 6, 6, 6, 6, 16, 17, 73, 17, 17, 6, 16, 73, 73, 73, 73, 6, 6, 6, 6, 73, 73, 6, 6, 16, 73, 73, 73, 73, 6, 6, 73, 73, 6, 6, 6, 6, 73, 6, 6, 73, 73, 16, 16, 16, 17, 17, 17, 6, 6, 6, 6, 6, 17, 16, 73, 16, 73, 73, 6, 73, 73, 16, 16, 16, 6, 6, 6, 6, 6, 73, 73, 16, 16, 16, 73, 16, 16, 16, 6, 73, 73, 16, 16, 73, 6, 16, 6, 6, 16, 16, 73, 73, 73, 16, 73, 16, 16, 16, 6, 16, 16, 16, 6, 73],
         "height":20,
         "id":2,
         "name":"background",
         "opacity":1,
         "type":"tilelayer",
         "visible":true,
         "width":20,
         "x":0,
         "y":0
        },
        {
         "draworder":"topdown",
         "id":4,
         "name":"active_objects",
         "objects":[
                {
                 "gid":127,
                 "height":16,
                 "id":245,
                 "name":"player",
                 "rotation":0,
                 "type":"player",
                 "visible":true,
                 "width":16,
                 "x":256.333333333333,
                 "y":254.666666666667
                },
                {
                 "gid":437,
                 "height":16,
                 "id":246,
                 "name":"enemy",
                 "rotation":0,
                 "type":"enemy",
                 "visible":true,
                 "width":16,
                 "x":254.333333333333,
                 "y":115.666666666667
                },
                {
                 "gid":437,
                 "height":16,
                 "id":247,
                 "name":"enemy",
                 "rotation":0,
                 "type":"enemy",
                 "visible":true,
                 "width":16,
                 "x":22.3333333333333,
                 "y":64.6666666666667
                },
                {
                 "gid":437,
                 "height":16,
                 "id":248,
                 "name":"enemy",
                 "rotation":0,
                 "type":"enemy",
                 "visible":true,
                 "width":16,
                 "x":81.3333333333333,
                 "y":240.666666666667
                },
                {
                 "gid":437,
                 "height":16,
                 "id":249,
                 "name":"enemy",
                 "rotation":0,
                 "type":"enemy",
                 "visible":true,
                 "width":16,
                 "x":141.333333333333,
                 "y":95.6666666666667
                },
                {
                 "gid":437,
                 "height":16,
                 "id":250,
                 "name":"enemy",
                 "rotation":0,
                 "type":"enemy",
                 "visible":true,
                 "width":16,
                 "x":183.333333333333,
                 "y":226.666666666667
                },
                {
                 "gid":437,
                 "height":16,
                 "id":251,
                 "name":"enemy",
                 "rotation":0,
                 "type":"enemy",
                 "visible":true,
                 "width":16,
                 "x":293.333333333333,
                 "y":82.6666666666667
                },
                {
                 "gid":437,
                 "height":16,
                 "id":252,
                 "name":"enemy",
                 "rotation":0,
                 "type":"enemy",
                 "visible":true,
                 "width":16,
                 "x":304.333333333333,
                 "y":209.666666666667
                },
                {
                 "gid":437,
                 "height":16,
                 "id":253,
                 "name":"enemy",
                 "rotation":0,
                 "type":"enemy",
                 "visible":true,
                 "width":16,
                 "x":201.333333333333,
                 "y":321.666666666667
                },
                {
                 "gid":437,
                 "height":16,
                 "id":254,
                 "name":"enemy",
                 "rotation":0,
                 "type":"enemy",
                 "visible":true,
                 "width":16,
                 "x":37.3333333333333,
                 "y":158.666666666667
                },
                {
                 "gid":493,
                 "height":16,
                 "id":255,
                 "name":"coin",
                 "rotation":0,
                 "type":"coin",
                 "visible":true,
                 "width":16,
                 "x":217.333333333333,
                 "y":70.6666666666667
                },
                {
                 "gid":493,
                 "height":16,
                 "id":256,
                 "name":"coin",
                 "rotation":0,
                 "type":"coin",
                 "visible":true,
                 "width":16,
                 "x":292.333333333333,
                 "y":157.666666666667
                },
                {
                 "gid":493,
                 "height":16,
                 "id":257,
                 "name":"coin",
                 "rotation":0,
                 "type":"coin",
                 "visible":true,
                 "width":16,
                 "x":129.333333333333,
                 "y":278.666666666667
                },
                {
                 "gid":493,
                 "height":16,
                 "id":258,
                 "name":"coin",
                 "rotation":0,
                 "type":"coin",
                 "visible":true,
                 "width":16,
                 "x":117.333333333333,
                 "y":138.666666666667
                },
                {
                 "gid":493,
                 "height":16,
                 "id":259,
                 "name":"coin",
                 "rotation":0,
                 "type":"coin",
                 "visible":true,
                 "width":16,
                 "x":182.333333333333,
                 "y":138.666666666667
                },
                {
                 "gid":493,
                 "height":16,
                 "id":260,
                 "name":"coin",
                 "rotation":0,
                 "type":"coin",
                 "visible":true,
                 "width":16,
                 "x":270.333333333333,
                 "y":226.666666666667
                },
                {
                 "gid":493,
                 "height":16,
                 "id":261,
                 "name":"coin",
                 "rotation":0,
                 "type":"coin",
                 "visible":true,
                 "width":16,
                 "x":94.3333333333333,
                 "y":47.6666666666667
                },
                {
                 "gid":494,
                 "height":16,
                 "id":262,
                 "name":"wall",
                 "rotation":0,
                 "type":"wall",
                 "visible":true,
                 "width":16,
                 "x":256,
                 "y":288
                },
                {
                 "gid":494,
                 "height":16,
                 "id":263,
                 "name":"wall",
                 "rotation":0,
                 "type":"wall",
                 "visible":true,
                 "width":16,
                 "x":272,
                 "y":288
                },
                {
                 "gid":494,
                 "height":16,
                 "id":264,
                 "name":"wall",
                 "rotation":0,
                 "type":"wall",
                 "visible":true,
                 "width":16,
                 "x":288,
                 "y":288
                },
                {
                 "gid":494,
                 "height":16,
                 "id":265,
                 "name":"wall",
                 "rotation":0,
                 "type":"wall",
                 "visible":true,
                 "width":16,
                 "x":224,
                 "y":240
                },
                {
                 "gid":494,
                 "height":16,
                 "id":266,
                 "name":"wall",
                 "rotation":0,
                 "type":"wall",
                 "visible":true,
                 "width":16,
                 "x":224,
                 "y":256
                },
                {
                 "gid":494,
                 "height":16,
                 "id":267,
                 "name":"wall",
                 "rotation":0,
                 "type":"wall",
                 "visible":true,
                 "width":16,
                 "x":224,
                 "y":272
                },
                {
                 "gid":494,
                 "height":16,
                 "id":268,
                 "name":"wall",
                 "rotation":0,
                 "type":"wall",
                 "visible":true,
                 "width":16,
                 "x":224,
                 "y":288
                },
                {
                 "gid":494,
                 "height":16,
                 "id":269,
                 "name":"wall",
                 "rotation":0,
                 "type":"wall",
                 "visible":true,
                 "width":16,
                 "x":240,
                 "y":288
                },
                {
                 "gid":494,
                 "height":16,
                 "id":270,
                 "name":"wall",
                 "rotation":0,
                 "type":"wall",
                 "visible":true,
                 "width":16,
                 "x":288,
                 "y":272
                },
                {
                 "gid":494,
                 "height":16,
                 "id":271,
                 "name":"wall",
                 "rotation":0,
                 "type":"wall",
                 "visible":true,
                 "width":16,
                 "x":288,
                 "y":256
                },
                {
                 "gid":494,
                 "height":16,
                 "id":272,
                 "name":"wall",
                 "rotation":0,
                 "type":"wall",
                 "visible":true,
                 "width":16,
                 "x":288,
                 "y":240
                },
                {
                 "gid":494,
                 "height":16,
                 "id":273,
                 "name":"wall",
                 "rotation":0,
                 "type":"wall",
                 "visible":true,
                 "width":16,
                 "x":288,
                 "y":224
                },
                {
                 "gid":494,
                 "height":16,
                 "id":276,
                 "name":"wall",
                 "rotation":0,
                 "type":"wall",
                 "visible":true,
                 "width":16,
                 "x":224,
                 "y":224
                },
                {
                 "gid":482,
                 "height":16,
                 "id":277,
                 "name":"exit",
                 "rotation":0,
                 "type":"exit",
                 "visible":true,
                 "width":16,
                 "x":46.3333333333333,
                 "y":302.666666666667
                },
                {
                 "gid":494,
                 "height":16,
                 "id":278,
                 "name":"wall",
                 "rotation":0,
                 "type":"wall",
                 "visible":true,
                 "width":16,
                 "x":64,
                 "y":64
                },
                {
                 "gid":494,
                 "height":16,
                 "id":279,
                 "name":"wall",
                 "rotation":0,
                 "type":"wall",
                 "visible":true,
                 "width":16,
                 "x":64,
                 "y":32
                },
                {
                 "gid":494,
                 "height":16,
                 "id":280,
                 "name":"wall",
                 "rotation":0,
                 "type":"wall",
                 "visible":true,
                 "width":16,
                 "x":64,
                 "y":48
                },
                {
                 "gid":494,
                 "height":16,
                 "id":281,
                 "name":"wall",
                 "rotation":0,
                 "type":"wall",
                 "visible":true,
                 "width":16,
                 "x":64,
                 "y":80
                },
                {
                 "gid":494,
                 "height":16,
                 "id":282,
                 "name":"wall",
                 "rotation":0,
                 "type":"wall",
                 "visible":true,
                 "width":16,
                 "x":80,
                 "y":80
                },
                {
                 "gid":494,
                 "height":16,
                 "id":283,
                 "name":"wall",
                 "rotation":0,
                 "type":"wall",
                 "visible":true,
                 "width":16,
                 "x":96,
                 "y":80
                },
                {
                 "gid":494,
                 "height":16,
                 "id":284,
                 "name":"wall",
                 "rotation":0,
                 "type":"wall",
                 "visible":true,
                 "width":16,
                 "x":112,
                 "y":80
                },
                {
                 "gid":494,
                 "height":16,
                 "id":285,
                 "name":"wall",
                 "rotation":0,
                 "type":"wall",
                 "visible":true,
                 "width":16,
                 "x":128,
                 "y":80
                },
                {
                 "gid":494,
                 "height":16,
                 "id":286,
                 "name":"wall",
                 "rotation":0,
                 "type":"wall",
                 "visible":true,
                 "width":16,
                 "x":128,
                 "y":64
                },
                {
                 "gid":494,
                 "height":16,
                 "id":287,
                 "name":"wall",
                 "rotation":0,
                 "type":"wall",
                 "visible":true,
                 "width":16,
                 "x":128,
                 "y":48
                },
                {
                 "gid":494,
                 "height":16,
                 "id":288,
                 "name":"wall",
                 "rotation":0,
                 "type":"wall",
                 "visible":true,
                 "width":16,
                 "x":128,
                 "y":32
                },
                {
                 "gid":494,
                 "height":16,
                 "id":289,
                 "name":"wall",
                 "rotation":0,
                 "type":"wall",
                 "visible":true,
                 "width":16,
                 "x":208,
                 "y":128
                },
                {
                 "gid":494,
                 "height":16,
                 "id":290,
                 "name":"wall",
                 "rotation":0,
                 "type":"wall",
                 "visible":true,
                 "width":16,
                 "x":208,
                 "y":144
                },
                {
                 "gid":494,
                 "height":16,
                 "id":291,
                 "name":"wall",
                 "rotation":0,
                 "type":"wall",
                 "visible":true,
                 "width":16,
                 "x":208,
                 "y":160
                },
                {
                 "gid":494,
                 "height":16,
                 "id":292,
                 "name":"wall",
                 "rotation":0,
                 "type":"wall",
                 "visible":true,
                 "width":16,
                 "x":192,
                 "y":160
                },
                {
                 "gid":494,
                 "height":16,
                 "id":293,
                 "name":"wall",
                 "rotation":0,
                 "type":"wall",
                 "visible":true,
                 "width":16,
                 "x":176,
                 "y":160
                },
                {
                 "gid":494,
                 "height":16,
                 "id":294,
                 "name":"wall",
                 "rotation":0,
                 "type":"wall",
                 "visible":true,
                 "width":16,
                 "x":160,
                 "y":160
                },
                {
                 "gid":494,
                 "height":16,
                 "id":295,
                 "name":"wall",
                 "rotation":0,
                 "type":"wall",
                 "visible":true,
                 "width":16,
                 "x":160,
                 "y":144
                },
                {
                 "gid":494,
                 "height":16,
                 "id":296,
                 "name":"wall",
                 "rotation":0,
                 "type":"wall",
                 "visible":true,
                 "width":16,
                 "x":160,
                 "y":128
                },
                {
                 "gid":494,
                 "height":16,
                 "id":297,
                 "name":"wall",
                 "rotation":0,
                 "type":"wall",
                 "visible":true,
                 "width":16,
                 "x":160,
                 "y":272
                },
                {
                 "gid":494,
                 "height":16,
                 "id":298,
                 "name":"wall",
                 "rotation":0,
                 "type":"wall",
                 "visible":true,
                 "width":16,
                 "x":160,
                 "y":288
                },
                {
                 "gid":494,
                 "height":16,
                 "id":299,
                 "name":"wall",
                 "rotation":0,
                 "type":"wall",
                 "visible":true,
                 "width":16,
                 "x":160,
                 "y":304
                },
                {
                 "gid":494,
                 "height":16,
                 "id":300,
                 "name":"wall",
                 "rotation":0,
                 "type":"wall",
                 "visible":true,
                 "width":16,
                 "x":128,
                 "y":320
                },
                {
                 "gid":494,
                 "height":16,
                 "id":304,
                 "name":"wall",
                 "rotation":0,
                 "type":"wall",
                 "visible":true,
                 "width":16,
                 "x":144,
                 "y":320
                },
                {
                 "gid":494,
                 "height":16,
                 "id":305,
                 "name":"wall",
                 "rotation":0,
                 "type":"wall",
                 "visible":true,
                 "width":16,
                 "x":160,
                 "y":320
                }],
         "offsetx":0.666666666666657,
         "offsety":1.33333333333331,
         "opacity":1,
         "type":"objectgroup",
         "visible":true,
         "x":0,
         "y":0
        }],
 "nextlayerid":6,
 "nextobjectid":306,
 "orientation":"orthogonal",
 "renderorder":"right-down",
 "tiledversion":"1.7.2",
 "tileheight":16,
 "tilesets":[
        {
         "columns":8,
         "firstgid":1,
         "image":"images\/basictiles.png",
         "imageheight":240,
         "imagewidth":128,
         "margin":0,
         "name":"game_tiles",
         "spacing":0,
         "tilecount":120,
         "tileheight":16,
         "tilewidth":16
        },
        {
         "columns":12,
         "firstgid":121,
         "image":"images\/characters.png",
         "imageheight":192,
         "imagewidth":192,
         "margin":0,
         "name":"characters",
         "spacing":0,
         "tilecount":144,
         "tileheight":16,
         "tilewidth":16
        }],
 "tilewidth":16,
 "type":"map",
 "version":"1.6",
 "width":20
}
